Year,Avg. Pace,PLAYER,TEAM,Team Conference Rank,GP,Team GP,W,PTS,REB,AST,STL,BLK,TOV,TS%,3PM,DEFWS,USG%,PIE,Prior ASG Appearances,AS Last Year?
2020,99.5,Aaron Gordon,ORL,13,19,33,13,13.8,7.2,4.2,0.7,0.8,2.8,0.528,1.6,0.7,23.3,10.8,0,0
2020,99.5,Aaron Holiday,IND,4,30,30,15,7.4,1.3,1.8,0.5,0.1,0.8,0.465,1.1,0.4,19.1,4.3,0,0
2020,99.5,Aaron Nesmith,BOS,9,17,32,15,4.4,2.6,0.4,0.2,0.3,0.6,0.557,1,0.2,12.2,3.4,0,0
2020,99.5,Abdel Nader,PHO,4,15,31,20,6,2.1,0.9,0.3,0.1,0.6,0.609,0.7,0.2,19.5,8.9,0,0
2020,99.5,Adam Mokoka,CHI,7,7,31,15,1.6,0.6,0.6,0.3,0.1,0.3,0.393,0.1,0,16.3,4,0,0
2020,99.5,Al Horford,OKC,12,22,32,13,14.6,6.9,3.7,0.9,0.8,1.1,0.541,2.1,0.9,22.5,12.9,5,0
2020,99.5,Al-Farouq Aminu,ORL,13,6,33,13,3.2,3.5,1.8,1.2,0.5,1.3,0.47,0.3,0.2,13,7.7,0,0
2020,99.5,Alec Burks,NYK,6,21,33,16,11.6,4.7,2,0.7,0.2,1.1,0.57,2.1,0.7,19.7,10.2,0,0
2020,99.5,Aleksej Pokusevski,OKC,12,17,32,13,3.3,3.5,1.2,0.5,1.1,1.3,0.301,0.6,0.5,16.9,3.9,0,0
2020,99.5,Alex Caruso,LAL,3,26,33,22,5.3,2.5,2.3,1,0.2,1.2,0.531,0.9,0.9,13.8,8,0,0
2020,99.5,Alex Len,TOR,5,7,33,16,2.3,1.6,0.4,0.1,0.9,1.1,0.633,0.4,0.1,11.7,9.4,0,0
2020,99.5,Alfonzo McKinnie,LAL,3,16,33,22,1.9,1.1,0.1,0.1,0,0.1,0.689,0.3,0.1,17.7,11.7,0,0
2020,99.5,Amir Coffey,LAC,2,20,34,23,2.8,0.8,0.4,0.2,0,0.4,0.637,0.6,0.1,14.9,7.3,0,0
2020,99.5,Andre Drummond,CLE,14,25,33,12,17.5,13.5,2.6,1.6,1.2,3.2,0.5,0,1.3,30.9,15.3,2,0
2020,99.5,Andre Iguodala,MIA,10,30,32,15,4.6,3.6,2.3,1,0.5,1.1,0.527,1.1,1,11.3,8.1,1,0
2020,99.5,Andre Roberson,BRK,2,2,34,22,0,2.5,1,0.5,0.5,0.5,0,0,0,7.9,4.8,0,0
2020,99.5,Andrew Wiggins,GSW,7,33,33,18,17.5,4.6,2.2,0.8,1.2,1.9,0.553,1.8,1.3,23.2,8.9,0,0
2020,99.5,Anfernee Simons,POR,5,28,31,18,8.7,2.5,1.2,0.2,0.2,0.8,0.561,2.1,0.1,20.5,7.4,0,0
2020,99.5,Anthony Edwards,MIN,15,33,33,7,14.3,3.9,2.6,0.8,0.4,1.7,0.468,1.9,0.5,25,7.4,0,0
2020,99.5,Anthony Gill,WAS,12,10,30,12,1,1.9,0.3,0.3,0.2,0.3,0.425,0.1,0.1,9.4,9.5,0,0
2020,99.5,Anžejs Pasečņiks,WAS,12,1,30,12,0,1,1,0,0,5,0,0,0,41.5,-26,0,0
2020,99.5,Aron Baynes,TOR,5,30,33,16,5.8,5.3,1,0.3,0.3,0.9,0.473,0.5,0.6,15.6,6.2,0,0
2020,99.5,Ashton Hagans,MIN,15,2,33,7,0,0,0,0,0,0.5,0,0,0,10.5,-25,0,0
2020,99.5,Austin Rivers,NYK,6,21,33,16,7.3,2.2,2,0.6,0,1,0.545,1.3,0.5,16.2,7.1,0,0
2020,99.5,Avery Bradley,MIA,10,10,32,15,8.5,1.8,1.4,0.7,0.1,0.9,0.607,1.6,0.2,16.7,6.2,0,0
2020,99.5,Ben McLemore,HOU,14,21,30,11,6,2.1,1,0.6,0,1,0.496,1.3,0.4,20.2,5.1,0,0
2020,99.5,Bismack Biyombo,CHO,8,29,31,15,5.7,5.7,1.4,0.3,1.2,1,0.56,0,0.7,11.5,6.6,0,0
2020,99.5,Blake Griffin,DET,15,20,32,9,12.3,5.2,3.9,0.7,0.1,1.6,0.491,2,0.5,19.4,8.4,6,0
2020,99.5,Boban Marjanović,DAL,10,17,31,15,4.8,4.1,0.1,0,0.1,0.3,0.525,0,0.1,26.5,14.5,0,0
2020,99.5,Bobby Portis,MIL,3,33,33,20,11.3,7.3,1.1,0.8,0.5,0.8,0.614,1.1,1.1,19,12.9,0,0
2020,99.5,Bogdan Bogdanović,ATL,11,9,32,14,9.9,3.8,2.1,0.4,0.1,1.2,0.543,2.3,0.1,18.6,8.5,0,0
2020,99.5,Bojan Bogdanović,UTA,1,32,32,26,15.3,3.8,2.1,0.5,0.1,1.6,0.58,2.6,1.1,20.8,8.9,0,0
2020,99.5,Bol Bol,DEN,8,13,32,17,1.7,0.7,0.2,0.2,0.3,0.5,0.583,0.2,0.1,14.1,4.5,0,0
2020,99.5,Brad Wanamaker,GSW,7,33,33,18,4.8,1.8,2.6,0.8,0.2,0.9,0.483,0.4,0.7,15.2,7.3,0,0
2020,99.5,Bradley Beal,WAS,12,28,30,12,32.8,5.2,4.8,1.4,0.4,3.2,0.594,2.4,0.6,35.7,15.9,3,0
2020,99.5,Brandon Clarke,MEM,9,23,28,14,12.7,5.7,1.7,1.1,0.7,0.6,0.552,0.6,0.8,18.9,10.9,0,0
2020,99.5,Brandon Goodwin,ATL,11,24,32,14,4.3,1.1,1.8,0.4,0,0.5,0.438,0.6,0.2,19.1,6.3,0,0
2020,99.5,Brian Bowen,IND,4,1,30,15,3,1,0,0,0,0,0.615,0,0,21.2,24,0,0
2020,99.5,Brodric Thomas,HOU,14,4,30,11,2.5,1,1,0.3,0.3,1,0.496,0.3,0,25,6.1,0,0
2020,99.5,Brook Lopez,MIL,3,33,33,20,10.7,5.1,0.6,0.5,1.4,0.8,0.59,1.5,1,15.4,7.4,1,0
2020,99.5,Bruce Brown,BRK,2,30,34,22,7.7,4.5,1.2,0.8,0.3,0.8,0.621,0.2,0.5,15,9.4,0,0
2020,99.5,Bruno Caboclo,HOU,14,6,30,11,2.8,2.3,0.2,0,0.3,0.7,0.475,0,0.1,25.9,11.3,0,0
2020,99.5,Bruno Fernando,ATL,11,17,32,14,1.7,3.3,0.5,0.1,0.1,0.8,0.49,0,0.2,12.5,7.4,0,0
2020,99.5,Bryn Forbes,MIL,3,33,33,20,9.7,1.4,0.6,0.2,0,0.6,0.627,2.1,0.3,18.2,7,0,0
2020,99.5,Buddy Hield,SAC,13,32,32,12,15.5,4.6,3,0.9,0.3,1.9,0.529,3.7,0,20.4,7,0,0
2020,99.5,Caleb Martin,CHO,8,23,31,15,5.6,2.8,1.3,0.9,0.3,0.7,0.496,0.7,0.4,17.1,7.9,0,0
2020,99.5,Cam Reddish,ATL,11,26,32,14,11.2,4,1.3,1.3,0.3,1.3,0.488,1.3,0.6,19,5.3,0,0
2020,99.5,Cameron Johnson,PHO,4,31,31,20,10.7,3.6,1.4,0.7,0.3,0.8,0.587,2.2,0.9,17.9,8.9,0,0
2020,99.5,Cameron Payne,PHO,4,20,31,20,7,1.8,3.7,0.6,0.2,1.2,0.6,1.1,0.4,18.1,9.5,0,0
2020,99.5,Caris LeVert,BRK,2,12,34,22,18.5,4.3,6,1.1,0.5,2.2,0.516,1.8,0.3,31.3,13.6,0,0
2020,99.5,Carmelo Anthony,POR,5,30,31,18,13.4,3.5,1.3,0.8,0.7,1,0.516,1.7,0.4,23.5,8.5,10,0
2020,99.5,Carsen Edwards,BOS,9,14,32,15,5.4,1,0.4,0.3,0.1,0.1,0.568,0.8,0.1,20.1,7.2,0,0
2020,99.5,Cassius Stanley,IND,4,8,30,15,1.1,0.4,0,0,0.3,0.1,0.489,0.1,0,19.2,-3,0,0
2020,99.5,Cassius Winston,WAS,12,6,30,12,2.2,0.7,1,0,0.2,0.2,0.597,0.5,0,11.2,7.2,0,0
2020,99.5,Cedi Osman,CLE,14,33,33,12,11.2,3.6,2.7,0.9,0.1,1.1,0.496,2,0.5,20.2,7.7,0,0
2020,99.5,Chandler Hutchison,CHI,7,7,31,15,1.9,2.9,0.6,0.1,0,0.7,0.344,0.1,0.1,15.9,4.2,0,0
2020,99.5,Chasson Randle,ORL,13,5,33,13,4.8,2.4,1.8,0,0.2,1.2,0.569,0.6,0.1,12.1,5.5,0,0
2020,99.5,Chimezie Metu,SAC,13,11,32,12,3.4,2.1,0.5,0.3,0.5,0.5,0.545,0.1,0.1,23.9,9.4,0,0
2020,99.5,Chris Boucher,TOR,5,33,33,16,13.2,6.5,1,0.6,1.9,0.7,0.659,1.7,1.2,19.9,13.5,0,0
2020,99.5,Chris Chiozza,BRK,2,13,34,22,3.4,0.9,2.5,0.3,0.2,0.6,0.46,0.5,0.1,20.5,9.1,0,0
2020,99.5,Chris Silva,MIA,10,6,32,15,3.8,3,1,0.2,0.3,1.3,0.805,0.2,0.1,18.7,9.3,0,0
2020,99.5,Christian Wood,HOU,14,17,30,11,22,10.2,1.3,0.9,1.5,1.8,0.634,1.9,1,26.3,17,0,0
2020,99.5,Chuma Okeke,ORL,13,17,33,13,4.4,3.5,2.1,0.9,0.4,0.6,0.466,0.8,0.4,10.5,6.9,0,0
2020,99.5,CJ Elleby,POR,5,13,31,18,3,1.1,0.2,0.3,0.2,0.2,0.558,0.4,0.1,15.5,4.6,0,0
2020,99.5,CJ McCollum,POR,5,13,31,18,26.7,3.9,5,1.3,0.3,1,0.62,4.8,0.2,28.5,15,0,0
2020,99.5,Clint Capela,ATL,11,29,32,14,14.6,13.8,1,0.8,2.2,1.4,0.596,0,1.4,19.8,16.3,0,0
2020,99.5,Coby White,CHI,7,31,31,15,15.7,5,5.2,0.4,0.2,2.4,0.533,2.4,0.7,22,9.2,0,0
2020,99.5,Cody Martin,CHO,8,19,31,15,2.7,1.8,0.8,0.4,0,0.5,0.601,0.2,0.2,13.4,9.3,0,0
2020,99.5,Cody Zeller,CHO,8,18,31,15,9.7,7.6,2.4,0.6,0.6,1.1,0.556,0.2,0.5,17.9,10.5,0,0
2020,99.5,Cole Anthony,ORL,13,25,33,13,11,4.4,3.8,0.7,0.4,2,0.469,1.1,0.6,22,8.1,0,0
2020,99.5,Collin Sexton,CLE,14,28,33,12,23.1,2.5,4.2,1,0.1,2.7,0.579,1.6,0.3,27.4,11.1,0,0
2020,99.5,Cory Joseph,SAC,13,32,32,12,6.5,2.2,2.3,0.8,0.2,1,0.544,0.6,0,14.5,5,0,0
2020,99.5,Cristiano Felício,CHI,7,6,31,15,1.8,2,0.8,0.3,0,0.5,0.731,0,0,11.8,19.2,0,0
2020,99.5,D.J. Augustin,MIL,3,31,33,20,6.2,1.3,3.1,0.5,0,0.8,0.514,1.3,0.4,15.1,10.4,0,0
2020,99.5,D.J. Wilson,MIL,3,10,33,20,3.7,2.2,0.3,0.1,0.3,0.4,0.488,0.8,0.1,18.7,7.2,0,0
2020,99.5,D'Angelo Russell,MIN,15,20,33,7,19.3,2.6,5.1,1.1,0.5,2.7,0.544,3,0.3,29.5,6.7,1,0
2020,99.5,Dakota Mathias,PHI,1,8,33,22,6,0.9,1.6,0.1,0.4,0.1,0.474,1,0.1,17.8,6.2,0,0
2020,99.5,Damian Jones,PHO,4,14,31,20,1.6,1.3,0.3,0.1,0.4,0.4,0.528,0,0.1,12.8,5,0,0
2020,99.5,Damion Lee,GSW,7,33,33,18,6.4,3.4,1.4,0.6,0.1,0.5,0.629,1.4,0.8,12.3,9.1,0,0
2020,99.5,Damyean Dotson,CLE,14,27,33,12,7.1,1.8,2.2,0.4,0.1,0.8,0.494,1,0.2,17.7,7.7,0,0
2020,99.5,Daniel Gafford,CHI,7,25,31,15,4.9,3.1,0.6,0.4,1.2,0.8,0.681,0,0.5,13.8,9.1,0,0
2020,99.5,Daniel Oturu,LAC,2,10,34,23,2,1.4,0.4,0,0.3,0.2,0.63,0,0.1,18.8,17.9,0,0
2020,99.5,Daniel Theis,BOS,9,30,32,15,8.8,5,1.4,0.6,1.2,1.1,0.632,0.8,0.8,14.1,8.9,0,0
2020,99.5,Danilo Gallinari,ATL,11,20,32,14,11.8,3,1.4,0.4,0.1,1.3,0.61,2,0.2,22.4,8.9,0,0
2020,99.5,Danny Green,PHI,1,33,33,22,8.8,3.6,1.8,1.2,0.7,1.3,0.558,2.3,1.2,13.7,5.8,0,0
2020,99.5,Dante Exum,CLE,14,6,33,12,3.8,2.8,2.2,0.7,0.3,1.2,0.428,0.3,0.1,12.6,5.8,0,0
2020,99.5,Danuel House,HOU,14,19,30,11,9.5,3.8,2.2,0.7,0.6,0.8,0.511,1.6,0.6,15.3,6.2,0,0
2020,99.5,DaQuan Jeffries,SAC,13,8,32,12,6.8,2.1,0.5,0.6,0.5,0.4,0.599,1,0,13.7,4.4,0,0
2020,99.5,Dario Šarić,PHO,4,14,31,20,10.6,4.1,1.1,0.9,0.1,1.2,0.599,1.2,0.4,25.5,12.4,0,0
2020,99.5,Darius Bazley,OKC,12,32,32,13,11.4,7.3,1.7,0.5,0.6,1.8,0.48,1.5,1.2,19.3,8.6,0,0
2020,99.5,Darius Garland,CLE,14,25,33,12,15.8,2.3,5.7,1.1,0.1,2.8,0.522,1.7,0.3,23.3,8.8,0,0
2020,99.5,Darius Miller,OKC,12,12,32,13,2.8,1.3,0.8,0.4,0.3,0.4,0.671,0.8,0.2,11.9,10,0,0
2020,99.5,David Nwaba,HOU,14,26,30,11,9.4,3.8,1.1,1.1,0.8,0.6,0.562,0.7,0.9,16.5,8.6,0,0
2020,99.5,Dāvis Bertāns,WAS,12,26,30,12,11,3,1,0.7,0.3,0.6,0.575,2.8,0.3,16.1,6.7,0,0
2020,99.5,De'Aaron Fox,SAC,13,31,32,12,22.7,3.2,7.3,1.2,0.5,3.3,0.558,1.9,0,29.9,11.4,0,0
2020,99.5,De'Andre Hunter,ATL,11,18,32,14,17.2,5.4,2.2,0.9,0.5,1.4,0.64,1.7,0.4,19.7,11.6,0,0
2020,99.5,De'Anthony Melton,MEM,9,16,28,14,9.1,3.1,2.8,0.9,0.8,1.3,0.544,1.4,0.4,20.4,10.8,0,0
2020,99.5,Dean Wade,CLE,14,25,33,12,2.6,1.5,0.6,0.2,0.2,0.4,0.55,0.6,0.1,12.8,8,0,0
2020,99.5,Deandre Ayton,PHO,4,31,31,20,14,11.8,1.7,0.3,1.1,1.9,0.622,0.1,1.5,18.7,12.9,0,0
2020,99.5,DeAndre Jordan,BRK,2,32,34,22,7.5,7.3,1.8,0.3,1.5,1.7,0.748,0,0.9,12.8,10.8,1,0
2020,99.5,DeAndre' Bembry,TOR,5,24,33,16,4.3,1.9,1.8,0.6,0.3,0.8,0.647,0.3,0.4,11.5,7.9,0,0
2020,99.5,Deividas Sirvydis,DET,15,4,32,9,0,0,0.3,0,0,0,0,0,0,17.3,-5.9,0,0
2020,99.5,Dejounte Murray,SAS,6,28,28,16,15.6,7.3,5.1,1.6,0.1,1.6,0.517,1,1.3,23.5,13,0,0
2020,99.5,Delon Wright,DET,15,29,32,9,10.7,4.6,4.9,1.4,0.5,1.2,0.575,1,0.9,15.6,12.1,0,0
2020,99.5,DeMar DeRozan,SAS,6,25,28,16,19.8,5,6.9,0.8,0.3,1.6,0.603,0.6,0.8,23.2,14.5,4,0
2020,99.5,DeMarcus Cousins,HOU,14,25,30,11,9.6,7.6,2.4,0.8,0.7,1.6,0.511,1.6,1,23.2,12.7,4,0
2020,99.5,Deni Avdija,WAS,12,26,30,12,6.2,4.7,1.5,0.7,0.2,0.8,0.542,1.1,0.5,12.4,6.2,0,0
2020,99.5,Dennis Schröder,LAL,3,29,33,22,14.2,3.6,4.3,0.9,0.2,2.2,0.541,1,1.3,21.5,8.4,0,0
2020,99.5,Dennis Smith Jr.,DET,15,8,32,9,6.8,2,2.9,1.1,0.8,1.4,0.459,0.9,0.2,21.6,8.7,0,0
2020,99.5,Denzel Valentine,CHI,7,27,31,15,7.9,4,1.7,0.8,0,0.6,0.489,1.7,0.6,18.8,9.2,0,0
2020,99.5,Derrick Favors,UTA,1,30,32,26,6.4,5.6,0.9,0.5,1,0.6,0.678,0,1,13.8,11.5,0,0
2020,99.5,Derrick Jones Jr.,POR,5,27,31,18,8.1,4.9,0.8,0.8,1.1,0.7,0.581,0.8,0.4,12.1,6.3,0,0
2020,99.5,Derrick Rose,DET,15,15,32,9,14.2,1.9,4.2,1.2,0.3,1.9,0.517,0.9,0.3,29.7,12.9,3,0
2020,99.5,Derrick White,SAS,6,8,28,16,11.8,1.8,3.9,1,1,0.9,0.508,1.9,0.3,22.6,8.2,0,0
2020,99.5,Desmond Bane,MEM,9,24,28,14,9.8,2.7,1.4,0.6,0.1,1.1,0.606,1.8,0.4,17.1,7.7,0,0
2020,99.5,Devin Vassell,SAS,6,26,28,16,5.5,3.2,1.1,1.1,0.3,0.5,0.529,1,0.7,14,8.6,0,0
2020,99.5,Devon Dotson,CHI,7,1,31,15,4,1,0,0,0,0,0.5,0,0,17.1,9.3,0,0
2020,99.5,Devontae Cacok,LAL,3,3,33,22,2,0.3,0,0.3,0,0,1,0,0,13,17.6,0,0
2020,99.5,Devonte' Graham,CHO,8,25,31,15,13.7,3,5.7,1,0,1.4,0.503,2.8,0.4,19.5,8.5,0,0
2020,99.5,Dillon Brooks,MEM,9,25,28,14,16,3.2,2.5,1.3,0.4,2.2,0.49,2,0.7,27,6,0,0
2020,99.5,Donte DiVincenzo,MIL,3,33,33,20,10.5,4.6,3,1.1,0.2,1.2,0.544,2,1,17.1,8.4,0,0
2020,99.5,Dorian Finney-Smith,DAL,10,22,31,15,8.3,4.9,1.2,1,0.4,0.6,0.547,1.8,0.5,11.6,5.8,0,0
2020,99.5,Doug McDermott,IND,4,29,30,15,13.1,4,1.4,0.3,0.1,1.1,0.606,1.6,0.5,19.6,9,0,0
2020,99.5,Draymond Green,GSW,7,28,33,18,5.5,5.9,8.4,1.4,0.7,2.6,0.449,0.4,1.4,12.5,9.1,3,0
2020,99.5,Drew Eubanks,SAS,6,12,28,16,3.8,3.3,0.4,0.1,1.3,0.5,0.479,0,0.3,15.7,6.6,0,0
2020,99.5,Duncan Robinson,MIA,10,32,32,15,13.2,4,1.5,0.5,0.2,1.4,0.62,3.3,0.9,16,7.1,0,0
2020,99.5,Dwayne Bacon,ORL,13,33,33,13,10.2,2.9,0.9,0.7,0.1,0.8,0.505,1,0.6,19.3,6.3,0,0
2020,99.5,Dwight Howard,PHI,1,33,33,22,6,7.6,0.7,0.4,0.9,1.7,0.591,0.1,1,17.8,10.5,8,0
2020,99.5,Dwight Powell,DAL,10,20,31,15,4.8,3.4,1,0.7,0.4,0.8,0.563,0.1,0.3,13.6,7,0,0
2020,99.5,Dylan Windler,CLE,14,19,33,12,6.6,3.7,1.3,0.5,0.5,0.8,0.643,1.2,0.3,13.9,9.5,0,0
2020,99.5,E'Twaun Moore,PHO,4,18,31,20,5.1,1.8,1.6,0.7,0.2,0.8,0.503,0.3,0.3,16.7,5.5,0,0
2020,99.5,Ed Davis,MIN,15,19,33,7,2.3,5.1,1,0.5,0.5,0.3,0.462,0,0.3,8.4,7.3,0,0
2020,99.5,Edmond Sumner,IND,4,17,30,15,3.8,1.2,0.5,0.5,0.1,0.6,0.58,0.3,0.2,18.5,7.3,0,0
2020,99.5,Elfrid Payton,NYK,6,32,33,16,12.4,3.7,3.7,0.6,0.2,1.8,0.487,0.4,0.9,23,8.1,0,0
2020,99.5,Elijah Hughes,UTA,1,6,32,26,2.7,0.7,0.5,0.2,0.2,0.7,0.477,0.5,0,33.1,9.5,0,0
2020,99.5,Enes Kanter,POR,5,31,31,18,11.7,11.4,1.1,0.5,0.7,1.1,0.616,0,0.7,17.5,13.5,0,0
2020,99.5,Eric Bledsoe,NOP,11,31,32,14,12.5,3.4,3.5,0.7,0.3,1.7,0.553,2.1,0.2,19.1,8,0,0
2020,99.5,Eric Gordon,HOU,14,24,30,11,18.4,2.2,2.8,0.6,0.5,1.9,0.593,2.6,0.6,25.2,9.9,0,0
2020,99.5,Eric Paschall,GSW,7,30,33,18,10.1,3.3,1.3,0.2,0.1,0.9,0.573,0.4,0.5,23.2,10.7,0,0
2020,99.5,Evan Fournier,ORL,13,19,33,13,18.3,2.8,3.8,1.1,0.3,2.3,0.595,2.4,0.5,26,10.4,0,0
2020,99.5,Facundo Campazzo,DEN,8,29,32,17,5.4,1,2.1,0.9,0.2,0.8,0.568,1.1,0.4,15,6.6,0,0
2020,99.5,Frank Jackson,DET,15,9,32,9,1.8,0.9,1.1,0.1,0,0.4,0.364,0.4,0,20.8,5,0,0
2020,99.5,Frank Kaminsky,PHO,4,24,31,20,6.9,4,1.8,0.3,0.4,0.5,0.547,1,0.5,19.4,11,0,0
2020,99.5,Frank Mason III,ORL,13,4,33,13,6.3,3,3,0,0,1.3,0.462,0.5,0,17.3,5.9,0,0
2020,99.5,Frank Ntilikina,NYK,6,5,33,16,5,0.8,1,1.2,0,0.6,0.586,1.2,0.1,16.2,5.7,0,0
2020,99.5,Fred VanVleet,TOR,5,33,33,16,20,4.5,6.7,1.7,0.8,2,0.552,3.3,1.3,23.7,12,0,0
2020,99.5,Furkan Korkmaz,PHI,1,22,33,22,7.5,2.5,0.8,0.6,0.1,0.9,0.51,1.4,0.4,18.8,7.4,0,0
2020,99.5,Gabe Vincent,MIA,10,22,32,15,5.8,1,1.3,0.5,0,0.9,0.473,0.9,0.3,20.8,4.1,0,0
2020,99.5,Garrett Temple,CHI,7,30,31,15,8.9,3.2,2,1,0.6,1,0.555,1.5,0.8,13.7,5.9,0,0
2020,99.5,Garrison Mathews,WAS,12,24,30,12,7,1.5,0.5,0.8,0.2,0.2,0.648,1.5,0.3,14.3,7.9,0,0
2020,99.5,Gary Clark,ORL,13,27,33,13,3.4,3.5,0.9,0.4,0.2,0.6,0.418,0.9,0.4,9.6,3.9,0,0
2020,99.5,Gary Harris,DEN,8,19,32,17,9.7,2.5,1.7,0.9,0.2,0.7,0.544,1.3,0.3,13.8,5.2,0,0
2020,99.5,Gary Trent Jr.,POR,5,29,31,18,15.3,2.1,1.3,0.7,0.2,0.7,0.566,3.3,0,19.7,7.2,0,0
2020,99.5,George Hill,OKC,12,14,32,13,11.8,2.1,3.1,0.9,0.1,0.9,0.63,1.6,0.3,16.9,10.1,0,0
2020,99.5,Georges Niang,UTA,1,32,32,26,5.3,2.2,0.7,0.3,0.1,0.7,0.545,1.2,0.6,17.8,6.8,0,0
2020,99.5,Glenn Robinson III,SAC,13,23,32,12,5.3,2,0.9,0.2,0.1,0.5,0.554,0.7,-0.1,13.8,5.7,0,0
2020,99.5,Goga Bitadze,IND,4,14,30,15,3.9,2.1,0.2,0.2,1,0.3,0.621,0.1,0.2,16.5,7.2,0,0
2020,99.5,Goran Dragić,MIA,10,18,32,15,14.4,3,5.2,0.5,0.1,3,0.56,1.7,0.4,26.9,10.3,0,0
2020,99.5,Gordon Hayward,CHO,8,29,31,15,21.8,5.5,3.7,1.2,0.4,2,0.596,2.1,0.9,24.7,12.4,1,0
2020,99.5,Gorgui Dieng,MEM,9,21,28,14,7.7,4.5,1.3,0.8,0.7,1,0.681,1,0.5,16.4,12.4,0,0
2020,99.5,Grant Williams,BOS,9,26,32,15,5,3,1,0.5,0.4,1,0.548,0.8,0.4,12.5,3.5,0,0
2020,99.5,Grayson Allen,MEM,9,22,28,14,9.7,2.8,2.1,1,0.1,1,0.605,2.1,0.5,15.8,8.4,0,0
2020,99.5,Hamidou Diallo,OKC,12,32,32,13,11.9,5.2,2.4,1,0.4,1.5,0.536,0.4,1.1,23.1,10.3,0,0
2020,99.5,Harrison Barnes,SAC,13,29,32,12,16.1,6.1,3.3,0.8,0.2,1.5,0.624,1.7,0,17.3,11.1,0,0
2020,99.5,Harry Giles,POR,5,22,31,18,3.1,4.9,0.9,0.2,0.4,0.7,0.486,0.1,0.3,14.1,9,0,0
2020,99.5,Hassan Whiteside,SAC,13,23,32,12,8.3,5.7,0.5,0.3,1.3,1,0.586,0,0.3,23.6,12.6,0,0
2020,99.5,Ignas Brazdeikis,NYK,6,4,33,16,0.5,0.5,0.3,0,0,0.3,0.532,0,0,18.1,10,0,0
2020,99.5,Iman Shumpert,BRK,2,1,34,22,2,1,0,0,0,0,0.5,0,0,14.5,-1.1,0,0
2020,99.5,Immanuel Quickley,NYK,6,29,33,16,12.2,2.2,2.5,0.4,0.3,0.9,0.558,1.7,0.6,27.7,12.5,0,0
2020,99.5,Isaac Bonga,WAS,12,19,30,12,2.3,2.2,0.6,0.3,0.2,0.4,0.546,0.5,0.1,8.3,3.7,0,0
2020,99.5,Isaac Okoro,CLE,14,28,33,12,8,2.6,1.8,1.1,0.5,1.5,0.494,0.9,0.4,12.4,3.2,0,0
2020,99.5,Isaiah Hartenstein,DEN,8,22,32,17,4,2.9,0.5,0.5,0.6,0.8,0.543,0,0.3,21.3,7,0,0
2020,99.5,Isaiah Joe,PHI,1,20,33,22,4.3,1.2,0.8,0.4,0.2,0.3,0.53,1.2,0.2,15.2,5.8,0,0
2020,99.5,Isaiah Roby,OKC,12,26,32,13,8.4,5.2,1.6,0.7,0.6,1.1,0.618,0.6,0.8,16.9,9.9,0,0
2020,99.5,Isaiah Stewart,DET,15,30,32,9,5.3,5.5,0.6,0.5,1,0.8,0.556,0,0.7,13.6,8.7,0,0
2020,99.5,Ish Smith,WAS,12,19,30,12,5.2,3.5,4.7,0.8,0.2,1,0.404,0.3,0.3,15,9.4,0,0
2020,99.5,Ivica Zubac,LAC,2,34,34,23,8.4,6.9,1.1,0.4,0.8,1,0.725,0,0.9,15.1,12.6,0,0
2020,99.5,J.J. Redick,NOP,11,29,32,14,8,1.7,1.3,0.3,0.1,0.8,0.554,1.6,0,18.7,6.7,0,0
2020,99.5,Ja Morant,MEM,9,20,28,14,19,3.2,7.9,0.9,0.2,2.9,0.534,0.7,0.4,28.9,12.3,0,0
2020,99.5,Jabari Parker,SAC,13,2,32,12,4,3,0.5,0,0.5,1.5,0.571,0,0,17,4.2,0,0
2020,99.5,Jaden McDaniels,MIN,15,27,33,7,5.3,3.4,1,0.3,1.1,0.8,0.496,1,0.4,13.6,4.5,0,0
2020,99.5,Jae Crowder,PHO,4,28,31,20,10.4,5,2.1,0.9,0.3,0.8,0.558,2.4,1,16.5,8.8,0,0
2020,99.5,Jae'Sean Tate,HOU,14,30,30,11,9.9,5.2,1.8,0.9,0.6,1.2,0.606,0.7,1,14.4,8.3,0,0
2020,99.5,Jahlil Okafor,DET,15,12,32,9,4.3,2.3,0.3,0.2,0.2,0.3,0.595,0,0.1,16.9,10,0,0
2020,99.5,Jahmi'us Ramsey,SAC,13,4,32,12,1.3,1,0.3,0,0.3,0.3,0.625,0.3,0,13.3,9,0,0
2020,99.5,JaKarr Sampson,IND,4,13,30,15,2.3,2,0,0.1,0.2,0.2,0.51,0,0.1,18,8.8,0,0
2020,99.5,Jake Layman,MIN,15,22,33,7,5.9,1.5,0.5,0.8,0.5,0.6,0.586,0.6,0.3,16.5,8.3,0,0
2020,99.5,Jakob Poeltl,SAS,6,28,28,16,6.4,7.1,1.8,0.6,1.5,1.1,0.574,0,1,12.6,9.9,0,0
2020,99.5,Jalen Brunson,DAL,10,27,31,15,12.3,3.3,3.4,0.4,0,1.3,0.647,1.3,0.3,19.4,13,0,0
2020,99.5,Jalen Harris,TOR,5,2,33,16,0,0.5,0,0,0,0.5,0,0,0,10.8,-10.4,0,0
2020,99.5,Jalen Lecque,IND,4,3,30,15,1.7,1.3,0.7,0,0,0,0.47,0,0,25.6,33.3,0,0
2020,99.5,Jalen McDaniels,CHO,8,13,31,15,4.8,2.8,0.5,0.2,0.1,0.9,0.56,0.4,0.1,17.2,4.7,0,0
2020,99.5,Jalen Smith,PHO,4,8,31,20,1.8,1.3,0.3,0,0.3,0.1,0.391,0.3,0,16.9,2.6,0,0
2020,99.5,Jamal Murray,DEN,8,30,32,17,21.4,4.4,4.6,1.2,0.3,2.3,0.588,2.7,0.7,25.3,12,0,0
2020,99.5,James Ennis,ORL,13,24,33,13,7.3,3.9,1.3,0.8,0.3,0.9,0.628,0.9,0.6,13.3,7.5,0,0
2020,99.5,James Johnson,DAL,10,25,31,15,6.3,3.2,1.7,0.9,0.8,1,0.539,0.6,0.6,16.2,7.8,0,0
2020,99.5,James Wiseman,GSW,7,22,33,18,12.2,5.9,0.7,0.4,1.2,1.5,0.559,0.5,0.8,25.6,10,0,0
2020,99.5,JaMychal Green,DEN,8,25,32,17,9.1,6,1,0.6,0.3,1,0.587,1.6,0.5,18.8,9.8,0,0
2020,99.5,Jared Dudley,LAL,3,8,33,22,0.8,1.3,0.4,0,0,0.1,1,0.3,0,4.5,5.2,0,0
2020,99.5,Jared Harper,NYK,6,2,33,16,1,0,0,0,0,1,0.532,0,0,34.1,-4.2,0,0
2020,99.5,Jarred Vanderbilt,MIN,15,31,33,7,6,5.7,1.6,1.1,0.6,0.9,0.617,0,0.8,12.8,10.9,0,0
2020,99.5,Jarrell Brantley,UTA,1,9,32,26,1.2,0.8,0,0.1,0.1,0.1,0.55,0.3,0.1,17.5,8.2,0,0
2020,99.5,Jarrett Allen,BRK,2,12,34,22,11.2,10.4,1.7,0.6,1.6,1.8,0.73,0,0.4,15.4,15.5,0,0
2020,99.5,Jarrett Culver,MIN,15,16,33,7,8.1,5,0.9,0.7,0.4,1.3,0.518,0.5,0.3,18.2,6.7,0,0
2020,99.5,JaVale McGee,CLE,14,24,33,12,7.4,5.2,1,0.5,1.1,1.3,0.508,0.2,0.5,24.5,11.1,0,0
2020,99.5,Javonte Green,BOS,9,20,32,15,4.8,2.4,0.4,0.9,0.1,0.6,0.611,0.4,0.3,13.1,7.5,0,0
2020,99.5,Jaxson Hayes,NOP,11,23,32,14,4.1,3.5,0.4,0.3,0.3,0.7,0.675,0,0.2,13.2,8.2,0,0
2020,99.5,Jaylen Adams,MIL,3,7,33,20,0.3,0.4,0.3,0,0,0,0.125,0,0,18.6,-1.7,0,0
2020,99.5,Jaylen Brown,BOS,9,30,32,15,25.4,5.5,3.9,1.2,0.5,2.8,0.592,2.4,0.9,30.9,13.8,0,0
2020,99.5,Jaylen Nowell,MIN,15,19,33,7,8.9,1.7,0.8,0.4,0.2,0.5,0.542,1.1,0.1,23.7,8.3,0,0
2020,99.5,Jeff Green,BRK,2,32,34,22,9.4,3.6,1.4,0.7,0.3,0.8,0.64,1.5,0.5,13.4,7.2,0,0
2020,99.5,Jeff Teague,BOS,9,24,32,15,5.9,1.8,2.1,0.9,0.2,1.1,0.455,0.7,0.4,18.2,6.2,0,0
2020,99.5,Jerami Grant,DET,15,31,32,9,23.3,5.2,3.1,0.8,1.2,1.8,0.571,2.5,1,26.5,12.1,0,0
2020,99.5,Jeremy Lamb,IND,4,17,30,15,12.2,4.2,1.5,0.8,0.5,0.9,0.68,1.9,0.5,17.3,10.9,0,0
2020,99.5,Jerome Robinson,WAS,12,13,30,12,5.2,2.5,1.4,0.5,0.2,0.8,0.456,0.7,0.1,16.1,5.2,0,0
2020,99.5,Jevon Carter,PHO,4,26,31,20,2.8,1.4,1.3,0.4,0.3,0.2,0.462,0.6,0.4,13.6,6.3,0,0
2020,99.5,Joe Harris,BRK,2,34,34,22,15.1,3.5,1.8,0.5,0.2,0.8,0.702,3.4,0.4,16.2,8.6,0,0
2020,99.5,Joe Ingles,UTA,1,28,32,26,11.5,3.4,4.5,0.4,0.2,1.6,0.7,2.5,0.8,16,11.3,0,0
2020,99.5,John Collins,ATL,11,32,32,14,17.4,7.5,1.5,0.4,1,1.3,0.622,1.3,0.8,21.3,12.1,0,0
2020,99.5,John Konchar,MEM,9,18,28,14,4.3,3.6,1.1,1,0.3,0.4,0.543,0.4,0.4,11.3,8,0,0
2020,99.5,John Wall,HOU,14,21,30,11,20.1,3.5,6.1,1,0.7,3.3,0.534,2,0.7,30.7,12.3,5,0
2020,99.5,Jonas Valančiūnas,MEM,9,23,28,14,16,11.3,1.9,0.6,0.7,2.1,0.607,0.4,0.9,23.7,14.2,0,0
2020,99.5,Jordan Bell,WAS,12,3,30,12,3.3,5.3,1.7,0.3,1,1,0.333,0,0.1,14.9,7.4,0,0
2020,99.5,Jordan Bone,ORL,13,14,33,13,4,1.7,1.3,0.1,0,0.2,0.519,0.7,0.1,12.4,6.7,0,0
2020,99.5,Jordan Clarkson,UTA,1,32,32,26,18.3,3.9,2.1,1,0.2,1.8,0.59,3.3,1.2,28.4,12.5,0,0
2020,99.5,Jordan McLaughlin,MIN,15,21,33,7,5.6,2.3,4.9,0.9,0.1,1.1,0.463,0.7,0.3,15.9,10,0,0
2020,99.5,Jordan Nwora,MIL,3,10,33,20,5.1,1.5,0,0.4,0.2,1,0.616,0.8,0.1,26.3,9.2,0,0
2020,99.5,Jordan Poole,GSW,7,15,33,18,5.5,1.2,0.9,0.2,0.1,0.5,0.598,0.9,0.1,23,11.3,0,0
2020,99.5,Josh Green,DAL,10,17,31,15,2.5,2.3,0.6,0.2,0.1,0.6,0.514,0.1,0.1,10.7,4.7,0,0
2020,99.5,Josh Hall,OKC,12,7,32,13,1.7,1.3,1,0,0,0.6,0.285,0.1,0,21.4,-0.8,0,0
2020,99.5,Josh Hart,NOP,11,32,32,14,9.1,7.3,2.1,0.8,0.3,0.8,0.583,1.4,0.6,12.9,9.6,0,0
2020,99.5,Josh Jackson,DET,15,30,32,9,13.6,4.5,1.9,0.8,0.9,2.3,0.525,1.3,0.8,26.6,8.5,0,0
2020,99.5,Josh Okogie,MIN,15,27,33,7,4.6,2.5,1,0.9,0.5,0.7,0.443,0.4,0.4,13.1,3.5,0,0
2020,99.5,Josh Richardson,DAL,10,22,31,15,12.9,3.3,2.5,0.8,0.2,1.5,0.555,1.5,0.3,18.2,6.5,0,0
2020,99.5,Jrue Holiday,MIL,3,23,33,20,16.4,4.8,5.4,1.9,0.6,1.6,0.593,1.9,1,19.9,11.7,1,0
2020,99.5,Juan Hernangómez,MIN,15,15,33,7,6.1,4.6,0.6,0.3,0.1,0.4,0.513,1.1,0.2,15.4,8.6,0,0
2020,99.5,Juan Toscano-Anderson,GSW,7,19,33,18,6.1,4.4,2.3,0.5,0.6,1,0.645,0.7,0.5,11.7,9.2,0,0
2020,99.5,Julius Randle,NYK,6,33,33,16,23.2,11,5.5,0.7,0.2,3.3,0.587,1.9,1.9,27.7,16.7,0,0
2020,99.5,Justin Holiday,IND,4,30,30,15,11.3,4.2,1.7,1.2,0.3,0.7,0.623,2.4,0.9,13.2,7.5,0,0
2020,99.5,Justin Jackson,OKC,12,21,32,13,7.3,2.3,1.7,0.4,0,1,0.547,1,0.3,19.6,7.8,0,0
2020,99.5,Justin James,SAC,13,12,32,12,1.8,0.7,0.4,0.3,0.1,0.1,0.415,0.2,0,17.7,4.5,0,0
2020,99.5,Justin Patton,HOU,14,2,30,11,5,3.5,0,0,2,0,0.506,0,0.1,12.4,7,0,0
2020,99.5,Justise Winslow,MEM,9,3,28,14,7,5.3,1,0.7,0.3,1.7,0.303,0.7,0.1,24.8,6.2,0,0
2020,99.5,Jusuf Nurkić,POR,5,12,31,18,9.8,7.7,2.8,0.9,0.9,1.9,0.514,0.3,0.3,21.1,10.3,0,0
2020,99.5,Juwan Morgan,UTA,1,14,32,26,1.1,1,0.2,0.2,0,0.1,0.526,0.2,0.1,10.6,3.3,0,0
2020,99.5,Karim Mané,ORL,13,6,33,13,1.2,1.7,0.2,0,0.2,0.5,0.325,0.2,0,10.5,2.1,0,0
2020,99.5,Karl-Anthony Towns,MIN,15,13,33,7,22.5,10.7,4.2,1,1.8,3.1,0.631,1.9,0.5,26.9,16,2,0
2020,99.5,Keita Bates-Diop,SAS,6,9,28,16,1.6,0.8,0.4,0.6,0,0,0.4,0.1,0.1,16,7.3,0,0
2020,99.5,Kelan Martin,IND,4,11,30,15,1.3,1,0,0.2,0,0.4,0.389,0.2,0.1,22.2,6.6,0,0
2020,99.5,Keldon Johnson,SAS,6,27,28,16,14.5,7,2.3,0.8,0.5,1.5,0.556,1,1,20.7,10.2,0,0
2020,99.5,Keljin Blevins,POR,5,9,31,18,0.4,0.2,0.4,0.2,0,0.3,0.182,0,0,12.8,-2.3,0,0
2020,99.5,Kelly Olynyk,MIA,10,31,32,15,10,5.8,2.1,0.7,0.6,1.4,0.553,1.9,1.1,17.7,8.2,0,0
2020,99.5,Kelly Oubre Jr.,GSW,7,33,33,18,15.2,6,1.4,1.2,0.8,1.2,0.519,1.7,1.4,22.2,9.3,0,0
2020,99.5,Kendrick Nunn,MIA,10,24,32,15,14.3,3.4,2.8,1.2,0.3,1.9,0.582,2.1,0.8,21.1,9.5,0,0
2020,99.5,Kenrich Williams,OKC,12,32,32,13,5.6,4.1,1.7,0.8,0.2,0.9,0.596,0.5,0.8,13.1,9.2,0,0
2020,99.5,Kent Bazemore,GSW,7,31,33,18,6.6,3.1,1.6,0.9,0.5,1.1,0.624,1.1,0.9,16.2,9.4,0,0
2020,99.5,Kentavious Caldwell-Pope,LAL,3,29,33,22,8.9,2.3,1.4,0.7,0.3,1.1,0.595,1.6,1,14.3,5.8,0,0
2020,99.5,Kenyon Martin Jr.,HOU,14,7,30,11,3.3,2.7,0.6,0.3,0.7,0.7,0.394,0.1,0.1,21.1,5.2,0,0
2020,99.5,Kevin Durant,BRK,2,19,34,22,29,7.3,5.3,0.7,1.4,3.5,0.652,2.6,0.7,31.3,16.3,11,0
2020,99.5,Kevin Huerter,ATL,11,32,32,14,11.8,3.5,3.7,1.2,0.2,1.3,0.544,2.2,0.6,16.3,7.6,0,0
2020,99.5,Kevin Knox,NYK,6,24,33,16,5.3,2,0.7,0.3,0.3,0.7,0.528,1.1,0.4,15.8,5.6,0,0
2020,99.5,Kevin Love,CLE,14,2,33,12,9.5,6,2.5,0.5,0,1.5,0.47,1.5,0,21.7,9.7,5,0
2020,99.5,Kevon Looney,GSW,7,23,33,18,3.6,4.3,1.8,0.3,0.3,0.7,0.651,0.1,0.4,9.7,9.2,0,0
2020,99.5,Khem Birch,ORL,13,33,33,13,6.1,5.5,1.1,0.6,0.8,0.6,0.566,0.1,0.8,12.5,9,0,0
2020,99.5,Killian Hayes,DET,15,7,32,9,4.6,1.1,3.6,0.3,0,2.4,0.334,0.7,0,19,-0.1,0,0
2020,99.5,Kira Lewis Jr.,NOP,11,20,32,14,5,0.8,1.9,0.6,0.1,0.5,0.459,0.6,0.1,19.4,5.7,0,0
2020,99.5,Kostas Antetokounmpo,LAL,3,2,33,22,0.5,2.5,0,0,1,1.5,0.174,0,0,19.7,1.4,0,0
2020,99.5,Kristaps Porziņģis,DAL,10,17,31,15,20.5,8.2,1.3,0.4,1.6,1.2,0.576,2.2,0.5,28,12.4,1,0
2020,99.5,Kyle Anderson,MEM,9,27,28,14,13.6,6.2,3.7,1.1,0.7,1.5,0.592,1.6,1,19.9,12.9,0,0
2020,99.5,Kyle Guy,SAC,13,13,32,12,3.2,1.1,1,0.3,0,0.2,0.45,0.5,0,20,5.8,0,0
2020,99.5,Kyle Kuzma,LAL,3,33,33,22,11.3,6.2,1.1,0.4,0.7,1.4,0.537,1.8,1.3,20,9.8,0,0
2020,99.5,Kyrie Irving,BRK,2,24,34,22,27.4,4.7,5.9,1.2,0.6,2.4,0.625,2.8,0.6,29.9,14.7,7,0
2020,99.5,KZ Okpala,MIA,10,16,32,15,2.1,1.3,0.4,0.2,0.1,0.5,0.49,0.4,0.1,10.8,1.4,0,0
2020,99.5,Lamar Stevens,CLE,14,22,33,12,4.5,2.5,1,0.5,0.3,0.5,0.475,0.1,0.3,16,6.4,0,0
2020,99.5,LaMarcus Aldridge,SAS,6,19,28,16,13.9,4.5,1.9,0.4,0.9,0.9,0.539,1.4,0.6,22.4,9.6,7,0
2020,99.5,LaMelo Ball,CHO,8,31,31,15,14.8,6,6.1,1.6,0.4,2.8,0.543,1.8,1.1,24.7,12.5,0,0
2020,99.5,Landry Shamet,BRK,2,30,34,22,7.7,1.7,1.2,0.5,0.1,0.8,0.557,1.7,0.3,17.5,5.9,0,0
2020,99.5,Langston Galloway,PHO,4,25,31,20,4.5,1,0.6,0.2,0,0.3,0.635,0.8,0.2,16.4,8.6,0,0
2020,99.5,Larry Nance Jr.,CLE,14,19,33,12,9.3,6.8,3.2,1.9,0.5,1.5,0.571,1.3,0.7,12.4,10.1,0,0
2020,99.5,Lauri Markkanen,CHI,7,14,31,15,19.1,6.1,0.9,0.6,0.4,1.7,0.654,2.9,0.4,22.9,12,0,0
2020,99.5,Lonnie Walker,SAS,6,26,28,16,10.8,3,1.7,0.5,0.3,1.1,0.501,1.6,0.6,18.9,5.4,0,0
2020,99.5,Lonzo Ball,NOP,11,29,32,14,14.4,4.2,5.2,1.4,0.5,2.1,0.572,3.1,0.5,19.8,9.8,0,0
2020,99.5,Lou Williams,LAC,2,31,34,23,12.2,2.4,3.7,0.9,0.1,1.5,0.524,1.1,0.6,26,10.5,0,0
2020,99.5,Luguentz Dort,OKC,12,31,32,13,12.6,3.5,1.5,0.8,0.3,1.5,0.523,1.9,0.9,19.8,5.6,0,0
2020,99.5,Luka Šamanić,SAS,6,5,28,16,2.2,0.8,0,0,0,0.2,0.557,0.4,0,16.1,7.5,0,0
2020,99.5,Luke Kennard,LAC,2,31,34,23,7.7,2.7,1.7,0.4,0.2,0.9,0.596,1.5,0.5,15.5,6.9,0,0
2020,99.5,Luke Kornet,CHI,7,8,31,15,1.1,1.3,0.4,0.3,0.4,0.1,0.252,0.1,0.1,13.4,9.8,0,0
2020,99.5,Malachi Flynn,TOR,5,15,33,16,2.2,0.7,1.1,0.3,0,0.3,0.346,0.3,0.1,17.8,2.6,0,0
2020,99.5,Malcolm Brogdon,IND,4,30,30,15,21.7,4.8,6.4,1.3,0.3,2.1,0.548,2.6,1,26.4,12.6,0,0
2020,99.5,Malik Beasley,MIN,15,33,33,7,20.5,4.6,2.5,0.8,0.2,1.6,0.582,3.5,0.5,24.5,10.9,0,0
2020,99.5,Malik Monk,CHO,8,18,31,15,11.9,2.7,1.8,0.3,0.1,1.1,0.607,2.4,0.2,21.4,10.2,0,0
2020,99.5,Marc Gasol,LAL,3,33,33,22,4.6,4.2,2,0.5,1.3,0.9,0.553,0.8,1.4,10.8,7.1,3,0
2020,99.5,Marcus Morris,LAC,2,25,34,23,12.8,3.8,1,0.6,0.3,0.9,0.596,2.4,0.5,20.6,8.5,0,0
2020,99.5,Marcus Smart,BOS,9,17,32,15,13.1,2.8,6.1,1.8,0.5,1.8,0.516,1.6,0.6,19.1,9.3,0,0
2020,99.5,Markelle Fultz,ORL,13,8,33,13,12.9,3.1,5.4,1,0.3,2.3,0.458,0.5,0.2,25.9,8.1,0,0
2020,99.5,Markieff Morris,LAL,3,27,33,22,4.7,3.5,0.9,0.2,0.2,0.6,0.51,0.8,0.6,14,7.1,0,0
2020,99.5,Markus Howard,DEN,8,16,32,17,0.9,0.3,0.4,0.1,0,0.3,0.25,0.2,0,29.1,-3.4,0,0
2020,99.5,Marques Bolden,CLE,14,6,33,12,1.2,1,0,0.3,0.3,0.3,0.537,0,0,12.7,11.5,0,0
2020,99.5,Marquese Chriss,GSW,7,2,33,18,6.5,6.5,1,0,1,1,0.412,0.5,0.1,27.9,11,0,0
2020,99.5,Marvin Bagley III,SAC,13,30,32,12,13.6,7.5,0.9,0.5,0.5,1.5,0.542,1,0.2,23.3,9.5,0,0
2020,99.5,Mason Jones,HOU,14,19,30,11,5.4,2,1.3,0.3,0,1.2,0.578,0.9,0.2,22.6,9.6,0,0
2020,99.5,Mason Plumlee,DET,15,30,32,9,10.4,9.1,3.6,0.9,0.9,2.2,0.643,0,1.1,15.7,11.9,0,0
2020,99.5,Matisse Thybulle,PHI,1,30,33,22,3.1,1.4,0.9,1.4,0.9,0.4,0.464,0.5,0.9,8.9,3.7,0,0
2020,99.5,Matt Thomas,TOR,5,19,33,16,2.2,0.7,0.5,0.1,0,0.3,0.515,0.5,0.1,16.1,6.2,0,0
2020,99.5,Maurice Harkless,MIA,10,10,32,15,1.2,0.9,0.7,0.2,0.3,0.2,0.551,0.4,0.1,5.3,2.2,0,0
2020,99.5,Max Strus,MIA,10,18,32,15,7.2,1.1,0.6,0.2,0,0.2,0.619,1.7,0.2,17.3,7.2,0,0
2020,99.5,Maxi Kleber,DAL,10,19,31,15,6.7,5.3,1.4,0.3,0.8,0.5,0.635,1.6,0.4,10.1,8.1,0,0
2020,99.5,Meyers Leonard,MIA,10,3,32,15,3.3,2.3,0.7,0,0,0.7,0.635,1,0,15.2,6.7,0,0
2020,99.5,Mfiondu Kabengele,LAC,2,19,34,23,1.1,0.6,0.2,0.1,0.2,0.3,0.36,0.2,0.1,18.3,0,0,0
2020,99.5,Michael Carter-Williams,ORL,13,14,33,13,7.9,4.7,3.6,0.5,0.6,1.9,0.429,0.4,0.3,18.4,6.1,0,0
2020,99.5,Michael Porter Jr.,DEN,8,22,32,17,14,6.4,1,0.9,1.1,1.1,0.6,2.1,0.7,19.8,10.7,0,0
2020,99.5,Mikal Bridges,PHO,4,31,31,20,13.8,5.1,2.2,0.6,1,0.7,0.646,2,1.1,15.7,10.6,0,0
2020,99.5,Mike Conley,UTA,1,26,32,26,16.3,3.6,5.7,1.5,0.1,2,0.597,2.8,1.1,23.1,12.8,0,0
2020,99.5,Mike Muscala,OKC,12,30,32,13,9.8,3.8,0.9,0.2,0.3,0.6,0.591,2,0.6,20.7,11,0,0
2020,99.5,Mike Scott,PHI,1,14,33,22,3.9,2.7,0.1,0.2,0.1,0.5,0.479,1,0.2,11.4,6,0,0
2020,99.5,Miles Bridges,CHO,8,31,31,15,9.9,5.6,1.9,0.7,0.7,1.7,0.595,1.3,0.8,16,8.5,0,0
2020,99.5,Mitchell Robinson,NYK,6,27,33,16,8.4,8.4,0.5,1.2,1.5,0.8,0.647,0,1.5,11.2,10.2,0,0
2020,99.5,Miye Oni,UTA,1,25,32,26,1.6,1.7,0.2,0.1,0.2,0.3,0.546,0.4,0.3,9.8,4.7,0,0
2020,99.5,Mo Bamba,ORL,13,15,33,13,4.5,3.7,0.3,0.2,0.8,0.3,0.552,0.3,0.3,20.9,14.6,0,0
2020,99.5,Monte Morris,DEN,8,31,32,17,10.7,2.3,3.4,0.7,0.2,0.6,0.569,1.2,0.4,16.4,9.3,0,0
2020,99.5,Montrezl Harrell,LAL,3,33,33,22,13.8,6.4,1.1,0.7,0.7,1.2,0.67,0,1.4,20.7,15.1,0,0
2020,99.5,Moritz Wagner,WAS,12,18,30,12,7,3.3,1.3,0.6,0.3,0.6,0.641,0.4,0.3,17.4,10.2,0,0
2020,99.5,Moses Brown,OKC,12,7,32,13,3,2.1,0.4,0.1,0.6,0.1,0.65,0,0.1,24.1,21.8,0,0
2020,99.5,Mychal Mulder,GSW,7,30,33,18,4.4,1,0.5,0.2,0.2,0.3,0.65,1.2,0.3,13.9,6.1,0,0
2020,99.5,Myles Turner,IND,4,28,30,15,13.3,6.6,1,1.1,3.4,1.4,0.607,1.4,1.6,17,9.2,0,0
2020,99.5,Naji Marshall,NOP,11,3,32,14,0.3,0.7,0.3,0,0,0,0.174,0,0,15.3,4.3,0,0
2020,99.5,Nassir Little,POR,5,16,31,18,5.2,2.2,0.3,0.2,0.3,0.6,0.722,0.9,0.1,16.1,8.6,0,0
2020,99.5,Nate Hinton,DAL,10,6,31,15,1.3,0,0,0.2,0.2,0.3,0.288,0.2,0,36.7,-11.7,0,0
2020,99.5,Nathan Knight,ATL,11,10,32,14,2.8,1.5,0.1,0.2,0.3,0.5,0.528,0.3,0.1,23.2,8.8,0,0
2020,99.5,Naz Reid,MIN,15,31,33,7,11.9,5,1.3,0.6,1.2,1.2,0.59,1,0.7,22.6,11.1,0,0
2020,99.5,Nemanja Bjelica,SAC,13,15,32,12,8.3,4,2.1,0.1,0.1,1.2,0.566,0.7,0,21.1,10.9,0,0
2020,99.5,Nerlens Noel,NYK,6,28,33,16,4.5,5.5,0.5,0.9,2,1,0.596,0,1.3,10.7,8.3,0,0
2020,99.5,Nick Richards,CHO,8,8,31,15,1.4,0.8,0,0,0,0.1,0.637,0,0,17.9,12.2,0,0
2020,99.5,Nickeil Alexander-Walker,NOP,11,26,32,14,8.1,2.4,1.8,1,0.3,1.2,0.504,1,0.4,22.4,8.2,0,0
2020,99.5,Nico Mannion,GSW,7,6,33,18,1.5,1.3,2,0.3,0,0.3,0.305,0.3,0.1,19.8,6.7,0,0
2020,99.5,Nicolas Batum,LAC,2,31,34,23,8.8,4.7,2.3,1.3,0.4,0.7,0.642,1.9,1,11.3,8.7,0,0
2020,99.5,Nicolas Claxton,BRK,2,2,34,22,7.5,2,1,2,1.5,0.5,0.621,0,0.1,19.6,14.6,0,0
2020,99.5,Nicolò Melli,NOP,11,15,32,14,1.9,2,0.8,0.5,0.1,0.4,0.39,0.5,0.1,11.7,4.7,0,0
2020,99.5,Nikola Vučević,ORL,13,33,33,13,24.1,11.7,3.6,1,0.6,1.7,0.566,2.5,1.6,29.1,17.7,2,0
2020,99.5,Noah Vonleh,BRK,2,4,34,22,0,0.3,0.3,0,0,0.5,0,0,0,19.7,-9.4,0,0
2020,99.5,Norman Powell,TOR,5,31,33,16,17.3,3,1.7,1.2,0.1,1.6,0.623,2.4,0.8,23.1,10.4,0,0
2020,99.5,Norvel Pelle,BRK,2,3,34,22,2,2.3,0,0,1,1,0.429,0,0,15.5,-1.2,0,0
2020,99.5,Obi Toppin,NYK,6,23,33,16,4.8,2.4,0.5,0.3,0.4,0.5,0.565,0.5,0.4,17.1,9.4,0,0
2020,99.5,OG Anunoby,TOR,5,22,33,16,13.9,5.9,1.5,1.7,0.7,1.6,0.604,2.2,0.9,16.8,9,0,0
2020,99.5,Onyeka Okongwu,ATL,11,12,32,14,3.4,2.6,0.3,0.4,0.6,0.5,0.56,0,0.2,14.2,7.6,0,0
2020,99.5,Otto Porter,CHI,7,16,31,15,11.6,6.3,2,0.6,0.2,0.9,0.582,1.8,0.4,20.1,12.5,0,0
2020,99.5,P.J. Tucker,HOU,14,28,30,11,4.4,4.6,1.4,0.8,0.5,1,0.49,0.9,0.9,7.9,3.8,0,0
2020,99.5,P.J. Washington,CHO,8,27,31,15,11.5,6.1,2.9,1,1.2,2.1,0.54,1.2,0.9,18.9,9.1,0,0
2020,99.5,Pat Connaughton,MIL,3,30,33,20,6.2,3.9,1.5,0.7,0.5,0.4,0.59,1.3,0.7,11.5,8,0,0
2020,99.5,Patrick Beverley,LAC,2,24,34,23,8.2,3.9,2.2,0.9,0.7,0.9,0.606,1.7,0.6,14.1,7.2,0,0
2020,99.5,Patrick McCaw,TOR,5,2,33,16,0,0,1.5,0,0,0,0,0,0,0,2.1,0,0
2020,99.5,Patrick Patterson,LAC,2,10,34,23,4.5,2,0.5,0.3,0.1,0.7,0.566,1,0.1,15.9,5.4,0,0
2020,99.5,Patrick Williams,CHI,7,30,31,15,10.2,4.8,1.2,0.8,0.7,1.6,0.567,0.9,0.9,15.9,6.8,0,0
2020,99.5,Patty Mills,SAS,6,28,28,16,13.3,1.8,2.7,0.7,0,1,0.599,2.6,0.6,20.4,9.6,0,0
2020,99.5,Paul George,LAC,2,24,34,23,24.1,6.2,5.3,1.2,0.5,3.5,0.66,3.6,0.9,29,15.2,7,0
2020,99.5,Paul Millsap,DEN,8,26,32,17,10.4,5.2,1.7,0.8,0.5,1,0.63,1.2,0.6,16.9,9.6,0,0
2020,99.5,Paul Reed,PHI,1,5,33,22,3.6,2,0.6,0.2,0.8,1,0.409,0,0.1,20.8,4,0,0
2020,99.5,Paul Watson,TOR,5,14,33,16,1.9,0.6,0.1,0,0.1,0.1,0.867,0.6,0,16.1,11.2,0,0
2020,99.5,Payton Pritchard,BOS,9,26,32,15,7.3,2.2,2.3,0.6,0.2,1.2,0.565,1.3,0.4,15.7,7.3,0,0
2020,99.5,PJ Dozier,DEN,8,17,32,17,7.1,4.1,1.4,0.5,0.6,0.8,0.576,0.9,0.3,15.6,9.7,0,0
2020,99.5,Precious Achiuwa,MIA,10,32,32,15,5.9,3.9,0.6,0.4,0.5,1,0.578,0,0.7,19.3,9.9,0,0
2020,99.5,Quinn Cook,LAL,3,16,33,22,2.1,0.3,0.3,0.1,0.1,0.2,0.585,0.3,0.1,21.9,10.6,0,0
2020,99.5,Quinndary Weatherspoon,SAS,6,5,28,16,0.8,0.4,0.6,0.2,0,1.2,0.34,0,0,21.3,-7.5,0,0
2020,99.5,R.J. Hampton,DEN,8,23,32,17,2.3,1.9,0.5,0.2,0.1,0.5,0.478,0.2,0.2,14,5.8,0,0
2020,99.5,Rajon Rondo,ATL,11,16,32,14,3.4,2.3,3.6,0.6,0.1,1.3,0.443,0.6,0.2,14.6,9,4,0
2020,99.5,Raul Neto,WAS,12,25,30,12,8.2,2.4,1.8,1.2,0.1,0.6,0.559,1,0.4,16.6,8.6,0,0
2020,99.5,Ray Spalding,HOU,14,2,30,11,2,2,0,0,1,1.5,0.41,0,0,17.7,-2.6,0,0
2020,99.5,Reggie Bullock,NYK,6,28,33,16,8.6,3.4,1.3,0.7,0.2,0.7,0.542,1.7,0.9,14.4,6.2,0,0
2020,99.5,Reggie Jackson,LAC,2,31,34,23,8.5,2.6,3,0.6,0.1,1,0.55,1.2,0.5,19.1,8.5,0,0
2020,99.5,Reggie Perry,BRK,2,14,34,22,3.6,3.6,0.9,0.1,0.4,0.8,0.455,0.1,0.1,19.5,5.9,0,0
2020,99.5,Richaun Holmes,SAC,13,28,32,12,12.8,7.9,1.8,0.7,1.5,1.4,0.681,0,0.4,15.8,11,0,0
2020,99.5,Ricky Rubio,MIN,15,31,33,7,7.7,3.2,6.5,1.2,0,2,0.496,0.7,0.5,16.2,8.9,0,0
2020,99.5,RJ Barrett,NYK,6,33,33,16,16.1,6.2,2.9,0.7,0.2,1.9,0.503,1.1,1.3,23.6,9.5,0,0
2020,99.5,Robert Covington,POR,5,29,31,18,7.4,6.3,1.8,1.6,1.1,1.1,0.5,1.7,0.8,11.8,6.7,0,0
2020,99.5,Robert Williams,BOS,9,25,32,15,6.3,5.5,0.8,1,1.4,0.9,0.715,0,0.8,14.9,15,0,0
2020,99.5,Robert Woodard,SAC,13,6,32,12,2.2,1.3,0,0,0,0.2,0.547,0.2,0,32.2,12.5,0,0
2020,99.5,Robin Lopez,WAS,12,30,30,12,8.2,4.3,0.9,0.3,0.6,1.1,0.617,0.1,0.3,15.8,8.6,0,0
2020,99.5,Rodions Kurucs,BRK,2,5,34,22,0.6,0.6,0.4,0,0,0,0.5,0.2,0,8.1,2.1,0,0
2020,99.5,Rodney Hood,POR,5,26,31,18,4.8,1.6,1.2,0.7,0.1,0.8,0.424,0.6,0.1,14.9,3,0,0
2020,99.5,Rodney McGruder,DET,15,9,32,9,2.7,1,0.7,0,0.1,0.6,0.591,0.3,0,16.4,6,0,0
2020,99.5,Royce O'Neale,UTA,1,32,32,26,7.6,6.8,2.4,0.8,0.6,1.2,0.622,1.7,1.6,9.6,7.3,0,0
2020,99.5,Rudy Gay,SAS,6,26,28,16,11.2,5.2,1.5,0.7,0.5,1.2,0.524,1.6,0.8,23,10.5,0,0
2020,99.5,Rui Hachimura,WAS,12,23,30,12,13.6,5.7,1.8,0.7,0.1,1,0.562,0.8,0.4,17.8,8.1,0,0
2020,99.5,Ryan Arcidiacono,CHI,7,15,31,15,3.2,2.1,1.4,0.3,0,0.3,0.532,0.5,0.1,12.8,10.1,0,0
2020,99.5,Saben Lee,DET,15,11,32,9,5.8,1.1,1.9,1,0.2,0.8,0.633,0.4,0.2,16.8,9,0,0
2020,99.5,Saddiq Bey,DET,15,30,32,9,9.6,3.9,1,0.6,0,0.7,0.59,2.1,0.6,17.6,9.3,0,0
2020,99.5,Sam Merrill,MIL,3,12,33,20,1.6,1.1,0.9,0.2,0,0.3,0.563,0.4,0.1,11.6,8,0,0
2020,99.5,Sean McDermott,MEM,9,8,28,14,3.9,1.5,0.5,0.1,0.3,0.5,0.605,0.6,0.1,10,4.7,0,0
2020,99.5,Sekou Doumbouya,DET,15,28,32,9,4,2.4,0.7,0.4,0.1,0.6,0.424,0.5,0.3,17.1,3.7,0,0
2020,99.5,Semi Ojeleye,BOS,9,31,32,15,5.7,3,0.8,0.3,0,0.4,0.584,1.2,0.4,11.8,6.6,0,0
2020,99.5,Serge Ibaka,LAC,2,33,34,23,11.4,6.8,1.8,0.2,1.2,1.2,0.59,1,0.9,20.2,11.2,0,0
2020,99.5,Seth Curry,PHI,1,25,33,22,13,2.1,2.7,0.9,0.3,1.5,0.632,2.1,0.6,16.9,7.8,0,0
2020,99.5,Shai Gilgeous-Alexander,OKC,12,26,32,13,23.5,5.3,6.4,0.8,0.6,3,0.631,2.1,1,27.6,14.8,0,0
2020,99.5,Shake Milton,PHI,1,25,33,22,13.5,2,3,0.6,0.2,1.5,0.547,1.1,0.5,24,10.1,0,0
2020,99.5,Shaquille Harrison,UTA,1,17,32,26,1,0.5,0.5,0.1,0,0.3,0.375,0,0.1,21.2,6.4,0,0
2020,99.5,Sindarius Thornwell,NOP,11,11,32,14,1.4,0.3,0.2,0.4,0,0.2,0.54,0.3,0,12.8,5.1,0,0
2020,99.5,Skylar Mays,ATL,11,14,32,14,3.7,0.7,1.2,0.4,0,0.2,0.551,0.5,0.1,18.6,10,0,0
2020,99.5,Solomon Hill,ATL,11,32,32,14,4.5,2.3,0.9,0.7,0.2,0.5,0.516,1,0.4,11,4.2,0,0
2020,99.5,Spencer Dinwiddie,BRK,2,3,34,22,6.7,4.3,3,0.7,0.3,1.7,0.536,0.7,0.1,16,10.2,0,0
2020,99.5,Stanley Johnson,TOR,5,29,33,16,2.7,2.2,1.3,0.8,0.3,0.7,0.555,0.6,0.5,10.3,5.8,0,0
2020,99.5,Stephen Curry,GSW,7,32,33,18,30,5.5,6.3,1.2,0.1,3.1,0.648,5,1.3,32.5,17.8,7,0
2020,99.5,Sterling Brown,HOU,14,28,30,11,7.6,3.9,1.8,0.9,0.3,0.6,0.599,1.6,0.8,13.8,9.2,0,0
2020,99.5,Steven Adams,NOP,11,29,32,14,8.2,9.2,2.2,1,0.7,1.6,0.604,0,0.6,12.7,9.2,0,0
2020,99.5,Sviatoslav Mykhailiuk,DET,15,31,32,9,6.6,2,1.3,0.6,0.2,0.9,0.527,1.5,0.4,19.2,7.4,0,0
2020,99.5,T.J. McConnell,IND,4,27,30,15,5.9,3.4,6.6,1.8,0.4,1.8,0.524,0.2,1,13.4,11.8,0,0
2020,99.5,T.J. Warren,IND,4,4,30,15,15.5,3.5,1.3,0.5,0,1,0.56,0,0.1,22,7.2,0,0
2020,99.5,Tacko Fall,BOS,9,8,32,15,2.6,2.6,0.1,0,1.3,0.1,0.636,0,0.1,13.2,9.4,0,0
2020,99.5,Taj Gibson,NYK,6,11,33,16,3.9,4.5,0.5,0.5,0.4,0.5,0.627,0.2,0.3,10.1,7.4,0,0
2020,99.5,Talen Horton-Tucker,LAL,3,29,33,22,6.8,2.4,2,0.8,0.6,1.3,0.515,0.6,0.9,19.8,8.1,0,0
2020,99.5,Taurean Prince,BRK,2,12,34,22,8.1,2.8,0.6,0.7,0.7,0.9,0.565,1.1,0.2,19.3,7.6,0,0
2020,99.5,Terance Mann,LAC,2,31,34,23,4.5,3.2,1.1,0.5,0.2,0.7,0.552,0.3,0.5,13.8,7.3,0,0
2020,99.5,Terence Davis,TOR,5,27,33,16,6.8,1.8,0.9,0.5,0.1,0.7,0.564,1.3,0.4,21.1,7.7,0,0
2020,99.5,Terrance Ferguson,PHI,1,8,33,22,0,0.1,0.3,0,0,0.1,0,0,0,7.6,-5.3,0,0
2020,99.5,Terrence Ross,ORL,13,32,33,13,15.3,3.4,2.2,1.1,0.5,1.8,0.529,2.1,0.9,24,8.7,0,0
2020,99.5,Terry Rozier,CHO,8,29,31,15,20.4,4,3.1,1.3,0.4,1.9,0.627,3.4,0.8,23.1,11,0,0
2020,99.5,Thaddeus Young,CHI,7,27,31,15,11.8,5.8,4.4,1.3,0.5,1.9,0.606,0.2,0.9,19.7,12.3,0,0
2020,99.5,Thanasis Antetokounmpo,MIL,3,23,33,20,2.4,2.3,0.7,0.3,0.2,0.8,0.612,0.1,0.2,12.9,5.2,0,0
2020,99.5,Théo Maledon,OKC,12,27,32,13,7.7,2.8,2.9,1,0.1,1.9,0.533,1.5,0.7,16,6.1,0,0
2020,99.5,Theo Pinson,NYK,6,10,33,16,0.2,0.1,0.1,0,0,0,0.143,0,0,13.4,-5.3,0,0
2020,99.5,Thomas Bryant,WAS,12,10,30,12,14.3,6.1,1.5,0.4,0.8,1.1,0.704,0.9,0.2,17.2,11.1,0,0
2020,99.5,Thon Maker,CLE,14,8,33,12,3.8,2.3,0.5,0.3,0.5,0.4,0.657,0,0.1,14.7,13.4,0,0
2020,99.5,Tim Frazier,MEM,9,3,28,14,1.3,1.3,2.3,0.3,0,1,0.25,0,0,14.2,3.1,0,0
2020,99.5,Tim Hardaway Jr.,DAL,10,30,31,15,16.8,3.1,1.6,0.6,0.2,0.9,0.586,3.1,0.4,22.3,9.4,0,0
2020,99.5,Timothé Luwawu-Cabarrot,BRK,2,33,34,22,7.2,2.4,1.3,0.7,0.2,0.7,0.542,1.5,0.4,16.4,5.3,0,0
2020,99.5,Tobias Harris,PHI,1,30,33,22,20.2,7.5,3.4,0.8,0.8,1.9,0.609,1.7,1.3,22.8,14,0,0
2020,99.5,Tomáš Satoranský,CHI,7,20,31,15,7.4,2.6,4.6,0.6,0.2,1.5,0.674,0.8,0.3,14.4,11.3,0,0
2020,99.5,Tony Bradley,PHI,1,11,33,22,3.9,4.5,0.5,0.3,0.5,0.1,0.548,0,0.2,14.1,13.1,0,0
2020,99.5,Tony Snell,ATL,11,19,32,14,4.6,1.8,1.1,0.1,0.3,0.5,0.659,1.4,0.1,11,6.2,0,0
2020,99.5,Torrey Craig,MIL,3,16,33,20,2.7,2.4,0.8,0.6,0.3,0.3,0.526,0.5,0.3,10.6,5.7,0,0
2020,99.5,Tre Jones,SAS,6,10,28,16,2.2,0.4,0.2,0,0,0.3,0.679,0.1,0,21.1,9.8,0,0
2020,99.5,Tremont Waters,BOS,9,10,32,15,3.3,0.8,3,0.6,0,1.3,0.478,0.6,0.1,20.8,8.8,0,0
2020,99.5,Trent Forrest,UTA,1,6,32,26,0.3,0.3,0.7,0.3,0,0.2,0.258,0,0,11,4.5,0,0
2020,99.5,Trey Burke,DAL,10,30,31,15,7.5,1,1.5,0.7,0.1,0.6,0.571,1.2,0.3,19.1,8.1,0,0
2020,99.5,Trey Lyles,SAS,6,15,28,16,3.8,3.2,0.5,0.1,0.1,0.1,0.565,0.3,0.2,11.8,9.9,0,0
2020,99.5,Tristan Thompson,BOS,9,30,32,15,7.8,8.4,0.9,0.4,0.4,0.9,0.558,0,0.7,14.7,10.6,0,0
2020,99.5,Troy Brown Jr.,WAS,12,15,30,12,4.7,3.3,0.9,0.1,0.1,0.8,0.471,0.7,0.1,15.9,5.5,0,0
2020,99.5,Ty-Shon Alexander,PHO,4,3,31,20,0,0.3,0.3,0,0,0,0,0,0,16.8,-10.5,0,0
2020,99.5,Tyler Bey,DAL,10,4,31,15,1.5,0.8,0,0,0.3,0,0.444,0,0,22.8,5.7,0,0
2020,99.5,Tyler Cook,BRK,2,1,34,22,0,0,0,0,0,1,0,0,0,7.2,0.8,0,0
2020,99.5,Tyler Herro,MIA,10,22,32,15,16.9,6.1,3.8,0.5,0.5,2.5,0.545,2,0.8,24.1,10.6,0,0
2020,99.5,Tyler Johnson,BRK,2,16,34,22,4.7,1.4,0.9,0.4,0,0.3,0.57,1.2,0.1,14.4,6.7,0,0
2020,99.5,Tyrell Terry,DAL,10,11,31,15,1,0.5,0.5,0.5,0,0.2,0.318,0,0.1,15.1,6.7,0,0
2020,99.5,Tyrese Haliburton,SAC,13,30,32,12,13.2,3.6,5.4,1.4,0.6,1.5,0.619,2.4,0.2,17.2,11.7,0,0
2020,99.5,Tyrese Maxey,PHI,1,30,33,22,8.4,1.9,1.7,0.5,0.1,0.7,0.502,0.5,0.5,23.3,9.4,0,0
2020,99.5,Tyus Jones,MEM,9,28,28,14,8.4,2.5,5,1.3,0.1,0.9,0.501,0.7,0.7,17.4,11.8,0,0
2020,99.5,Udoka Azubuike,UTA,1,12,32,26,1,1.1,0,0.1,0.3,0.3,0.622,0,0.1,11.1,6.1,0,0
2020,99.5,Vernon Carey Jr.,CHO,8,3,31,15,1,1,0.3,0,0.3,0,0.387,0,0,27.6,26.9,0,0
2020,99.5,Victor Oladipo,HOU,14,12,30,11,18.3,4.9,4.9,1.2,0.5,2.3,0.469,2,0.5,29.8,11.3,2,0
2020,99.5,Vincent Poirier,PHI,1,5,33,22,0.8,0.8,0.2,0,0.4,0.4,0.42,0,0,14.3,0,0,0
2020,99.5,Vlatko Čančar,DEN,8,16,32,17,0.7,0.8,0.1,0.3,0.1,0.4,0.337,0.1,0.1,17.1,5.2,0,0
2020,99.5,Wayne Ellington,DET,15,24,32,9,10.1,1.8,1.5,0.4,0.2,0.7,0.602,2.5,0.2,17.2,7.1,0,0
2020,99.5,Wendell Carter Jr.,CHI,7,20,31,15,13.3,7.8,2.2,0.8,0.9,1.9,0.616,0.3,0.7,19.9,10.5,0,0
2020,99.5,Wenyen Gabriel,NOP,11,4,32,14,0,1.3,0.3,0,0,0,0,0,0,10.6,6.5,0,0
2020,99.5,Wesley Iwundu,DAL,10,18,31,15,2.2,1.9,0.4,0.4,0.1,0.3,0.386,0.2,0.2,10.4,3,0,0
2020,99.5,Wesley Matthews,LAL,3,26,33,22,4.9,1.6,1.2,0.5,0.4,0.4,0.54,1.2,0.7,10.2,3.8,0,0
2020,99.5,Will Barton,DEN,8,29,32,17,11.2,3.8,3.1,0.8,0.4,1.6,0.526,1.5,0.6,18,7.6,0,0
2020,99.5,Willie Cauley-Stein,DAL,10,29,31,15,5.7,4.7,0.8,0.3,0.7,0.6,0.635,0,0.5,12.3,8.5,0,0
2020,99.5,Willy Hernangómez,NOP,11,17,32,14,7,7.1,1.1,0.4,0.5,0.6,0.556,0.1,0.2,16.3,11.5,0,0
2020,99.5,Xavier Tillman Sr.,MEM,9,23,28,14,7.7,4.8,1.7,1,0.6,0.8,0.578,0.4,0.6,15,8.6,0,0
2020,99.5,Yogi Ferrell,CLE,14,2,33,12,9.5,3.5,2.5,1.5,0.5,1.5,0.434,1.5,0,26.8,7.1,0,0
2020,99.5,Yuta Watanabe,TOR,5,20,33,16,2.8,3.2,0.4,0.5,0.6,0.4,0.514,0.6,0.4,11.3,7.4,0,0
2020,99.5,Zach LaVine,CHI,7,31,31,15,28.8,5.3,5,1.1,0.4,3.9,0.653,3.6,1,31,14.5,0,0
2020,99.5,Zeke Nnaji,DEN,8,19,32,17,3.6,1.2,0.1,0.1,0.1,0.2,0.658,0.7,0.1,13,6.5,0,0
2020,99.5,Zion Williamson,NOP,11,31,32,14,25.6,6.8,3.3,0.9,0.7,2.4,0.657,0.2,0.5,28.4,15,0,0
2020,99.5,Anthony Davis,LAL,3,23,33,22,22.5,8.4,3,1.3,1.8,2,0.588,0.7,1.7,27.9,16.3,8,1
2020,99.5,Bam Adebayo,MIA,10,30,32,15,19.6,9.6,5.5,0.9,1,3,0.638,0.1,1.6,24.1,16.6,1,1
2020,99.5,Ben Simmons,PHI,1,28,33,22,15.7,8.1,7.9,1.6,0.8,3.1,0.606,0,1.5,20.2,14,2,1
2020,99.5,Brandon Ingram,NOP,11,32,32,14,24,5.3,4.7,0.7,0.8,2.3,0.59,2.5,0.4,27.5,13.1,1,1
2020,99.5,Chris Paul,PHO,4,30,31,20,16.7,4.6,8.6,1.2,0.3,2.3,0.59,1.6,1.2,23,14.8,10,1
2020,99.5,Damian Lillard,POR,5,30,31,18,29.6,4.4,8,1,0.2,3.3,0.618,4.1,0.3,32.7,16.4,5,1
2020,99.5,Devin Booker,PHO,4,27,31,20,25,3.6,4.3,0.8,0.3,3.5,0.609,2.2,0.9,31.3,12.3,1,1
2020,99.5,Domantas Sabonis,IND,4,30,30,15,21.5,11.7,5.7,1,0.7,3.5,0.597,1,1.5,25.5,14.5,1,1
2020,99.5,Donovan Mitchell,UTA,1,30,32,26,24.1,4.6,5.3,1,0.3,2.9,0.555,3.3,1.3,31.7,12.5,1,1
2020,99.5,Giannis Antetokounmpo,MIL,3,32,33,20,28.9,11.7,5.9,1.3,1.3,3.7,0.618,1.1,1.9,33.6,19.2,4,1
2020,99.5,James Harden,BRK,2,20,34,22,24.9,8.5,11.4,1.2,0.7,4.2,0.652,3.3,0.7,26.4,16.8,8,1
2020,99.5,Jayson Tatum,BOS,9,27,32,15,25.6,6.9,4.5,1.3,0.5,2.5,0.551,2.7,1.1,31.2,14.5,1,1
2020,99.5,Jimmy Butler,MIA,10,20,32,15,19.5,7.7,7.8,1.9,0.4,2.3,0.556,0.4,1.1,26.7,18.3,5,1
2020,99.5,Joel Embiid,PHI,1,27,33,22,29.6,11.2,3.1,1.3,1.3,3.3,0.644,1.2,1.7,34,20.8,3,1
2020,99.5,Kawhi Leonard,LAC,2,27,34,23,26.7,6.1,4.9,1.6,0.6,1.9,0.614,2,1.1,30.1,17.2,4,1
2020,99.5,Kemba Walker,BOS,9,16,32,15,17.3,3.6,4.1,1.1,0.3,2.1,0.507,2.8,0.4,28.1,11.9,4,1
2020,99.5,Khris Middleton,MIL,3,33,33,20,20.6,6.1,5.7,1.1,0.2,2.6,0.615,2.3,1.2,24.3,13.3,2,1
2020,99.5,Kyle Lowry,TOR,5,26,33,16,18,5.5,6.5,1.2,0.2,2.9,0.61,2.8,0.9,22.1,12.2,6,1
2020,99.5,LeBron James,LAL,3,33,33,22,25.6,8.1,8,1,0.5,3.9,0.592,2.4,2.1,31.9,19.4,16,1
2020,99.5,Luka Dončić,DAL,10,30,31,15,28.5,8.4,9,1,0.7,4.3,0.585,2.6,1.1,35.8,18.7,1,1
2020,99.5,Nikola Jokić,DEN,8,32,32,17,26.9,10.9,8.4,1.7,0.7,3.3,0.649,1.6,1.5,29.1,20.6,2,1
2020,99.5,Pascal Siakam,TOR,5,30,33,16,20.1,7.5,4.8,1.2,0.7,2.2,0.542,1.2,1.2,24.9,11.8,1,1
2020,99.5,Rudy Gobert,UTA,1,32,32,26,14,13.3,1.2,0.4,2.8,1.8,0.648,0,2.3,18,15.9,1,1
2020,99.5,Russell Westbrook,WAS,12,23,30,12,19.7,9.7,9.7,0.9,0.3,4.8,0.481,1,0.7,30.9,13.5,9,1
2020,99.5,Trae Young,ATL,11,30,32,14,27.2,4,9.5,0.8,0.3,4.3,0.601,2.4,0.5,32.9,15.1,1,1